ahn_baseline,fold0_auc,fold1_auc,fold2_auc,fold3_auc,fold4_auc,fold0_tpr,fold1_tpr,fold2_tpr,fold3_tpr,fold4_tpr,fold0_fpr,fold1_fpr,fold2_fpr,fold3_fpr,fold4_fpr,fold0_y_pred,fold1_y_pred,fold2_y_pred,fold3_y_pred,fold4_y_pred,fold0_y_test,fold1_y_test,fold2_y_test,fold3_y_test,fold4_y_test,avg_auc,std_auc
nn_Raza,0.5030007144558228,0.5075,0.4979344729344729,0.5079365079365079,0.49514563106796117,[0.         0.01052632 1.        ],[0.    0.015 1.   ],[0.         0.00512821 1.        ],[0.         0.01587302 1.        ],[0. 0. 1.],[0.         0.00452489 1.        ],[0. 0. 1.],[0.         0.00925926 1.        ],[0. 0. 1.],[0.         0.00970874 1.        ],"[[0.99999994]
 [0.99999994]
 [0.99999994]
 [0.99999994]
 [0.99999994]
 [0.99999994]
 [0.99999994]
 [0.99999994]
 [0.99999994]
 [0.99999994]
 [0.99999994]
 [0.99999994]
 [0.99999994]
 [0.99999994]
 [0.99999994]
 [0.99999994]
 [0.99999994]
 [0.99999994]
 [0.99999994]
 [0.99999994]
 [0.99999994]
 [0.99999994]
 [0.99999994]
 [0.99999994]
 [0.99999994]
 [0.99999994]
 [0.99999994]
 [0.99999994]
 [0.99999994]
 [0.99999994]
 [0.99999994]
 [0.99999994]
 [0.99999994]
 [0.99999994]
 [0.99999994]
 [0.99999994]
 [0.99999994]
 [0.99999994]
 [0.99999994]
 [0.99999994]
 [0.99999994]
 [0.99999994]
 [0.99999994]
 [0.99999994]
 [0.99999994]
 [0.99999994]
 [0.99999994]
 [0.99999994]
 [0.99999994]
 [0.99999994]
 [0.99999994]
 [0.99999994]
 [0.99999994]
 [0.99999994]
 [0.99999994]
 [0.99999994]
 [0.99999994]
 [0.99999994]
 [0.99999994]
 [0.99999994]
 [0.99999994]
 [0.99999994]
 [0.99999994]
 [0.99999994]
 [0.99999994]
 [0.99999994]
 [0.99999994]
 [0.99999994]
 [0.99999994]
 [0.99999994]
 [0.99999994]
 [0.99999994]
 [0.99999994]
 [0.99999994]
 [0.99999994]
 [0.99999994]
 [0.99999994]
 [0.99999994]
 [0.99999994]
 [0.99999994]
 [0.99999994]
 [0.99999994]
 [0.99999994]
 [0.99999994]
 [0.99999994]
 [0.99999994]
 [0.99999994]
 [0.99999994]
 [0.99999994]
 [0.99999994]
 [0.99999994]
 [0.99999994]
 [0.99999994]
 [0.99999994]
 [0.99999994]
 [0.99999994]
 [0.99999994]
 [0.99999994]
 [0.99999994]
 [0.99999994]
 [0.99999994]
 [0.99999994]
 [0.99999994]
 [0.99999994]
 [0.99999994]
 [0.99999994]
 [0.99999994]
 [0.99999994]
 [0.99999994]
 [0.99999994]
 [0.99999994]
 [0.99999994]
 [0.99999994]
 [0.99999994]
 [0.99999994]
 [0.99999994]
 [0.99999994]
 [0.99999994]
 [0.99999994]
 [0.99999994]
 [0.99999994]
 [0.99999994]
 [0.99999994]
 [0.99999994]
 [0.99999994]
 [0.99999994]
 [0.99999994]
 [0.99999994]
 [0.99999994]
 [0.99999994]
 [0.99999994]
 [0.99999994]
 [0.99999994]
 [0.99999994]
 [0.99999994]
 [0.99999994]
 [0.99999994]
 [0.99999994]
 [0.99999994]
 [0.99999994]
 [0.99999994]
 [0.99999994]
 [0.99999994]
 [0.99999994]
 [0.99999994]
 [0.99999994]
 [0.99999994]
 [0.99999994]
 [0.99999994]
 [0.99999994]
 [0.99999994]
 [0.99999994]
 [0.99999994]
 [0.99999994]
 [0.99999994]
 [0.99999994]
 [0.99999994]
 [0.99999994]
 [0.99999994]
 [0.99999994]
 [0.99999994]
 [0.99999994]
 [0.99999994]
 [0.99999994]
 [0.99999994]
 [0.99999994]
 [0.99999994]
 [0.99999994]
 [0.99999994]
 [0.99999994]
 [0.99999994]
 [0.99999994]
 [0.99999994]
 [0.99999994]
 [0.99999994]
 [0.99999994]
 [0.99999994]
 [0.99999994]
 [0.99999994]
 [0.99999994]
 [0.99999994]
 [0.99999994]
 [0.99999994]
 [0.99999994]
 [0.99999994]
 [0.99999994]
 [0.99999994]
 [0.99999994]
 [0.99999994]
 [0.99999994]
 [0.99999994]
 [0.99999994]
 [0.99999994]
 [0.99999994]
 [0.99999994]
 [0.99999994]
 [0.99999994]
 [0.99999994]
 [0.99999994]
 [0.99999994]
 [0.99999994]
 [0.99999994]
 [0.99999994]
 [0.99999994]
 [0.99999994]
 [0.99999994]
 [0.99999994]
 [0.99999994]
 [0.99999994]
 [0.99999994]
 [0.99999994]
 [0.99999994]
 [0.99999994]
 [0.99999994]
 [0.99999994]
 [0.99999994]
 [0.99999994]
 [0.99999994]
 [0.99999994]
 [0.99999994]
 [0.99999994]
 [0.99999994]
 [0.99999994]
 [0.99999994]
 [0.99999994]
 [0.99999994]
 [0.99999994]
 [0.99999994]
 [0.99999994]
 [0.99999994]
 [0.99999994]
 [0.99999994]
 [0.99999994]
 [0.99999994]
 [0.99999994]
 [0.99999994]
 [0.99999994]
 [0.99999994]
 [0.99999994]
 [0.99999994]
 [0.99999994]
 [0.99999994]
 [0.99999994]
 [0.99999994]
 [0.99999994]
 [0.99999994]
 [0.99999994]
 [0.99999994]
 [0.99999994]
 [0.99999994]
 [0.99999994]
 [0.99999994]
 [0.99999994]
 [0.99999994]
 [0.99999994]
 [0.99999994]
 [0.99999994]
 [0.99999994]
 [0.99999994]
 [0.99999994]
 [0.99999994]
 [0.99999994]
 [0.99999994]
 [0.99999994]
 [0.99999994]
 [0.99999994]
 [0.99999994]
 [0.99999994]
 [0.99999994]
 [0.99999994]
 [0.99999994]
 [0.99999994]
 [0.99999994]
 [0.99999994]
 [0.99999994]
 [0.99999994]
 [0.99999994]
 [0.99999994]
 [0.99999994]
 [0.99999994]
 [0.99999994]
 [0.99999994]
 [0.99999994]
 [0.99999994]
 [0.99999994]
 [0.99999994]
 [0.99999994]
 [0.99999994]
 [0.99999994]
 [0.99999994]
 [0.99999994]
 [0.99999994]
 [0.99999994]
 [0.99999994]
 [0.99999994]
 [0.99999994]
 [0.99999994]
 [0.99999994]
 [0.99999994]
 [0.99999994]
 [0.99999994]
 [0.99999994]
 [0.99999994]
 [0.99999994]
 [0.99999994]
 [0.99999994]
 [0.99999994]
 [0.99999994]
 [0.99999994]
 [0.99999994]
 [0.99999994]
 [0.99999994]
 [0.99999994]
 [0.99999994]
 [0.99999994]
 [0.99999994]
 [0.99999994]
 [0.99999994]
 [0.99999994]
 [0.99999994]
 [0.99999994]
 [0.99999994]
 [0.99999994]
 [0.99999994]
 [0.99999994]
 [0.99999994]
 [0.99999994]
 [0.99999994]
 [0.99999994]
 [0.99999994]
 [0.99999994]
 [0.99999994]
 [0.99999994]
 [0.99999994]
 [0.99999994]
 [0.99999994]
 [0.99999994]
 [0.99999994]
 [0.99999994]
 [0.99999994]
 [0.99999994]
 [0.99999994]
 [0.99999994]
 [0.99999994]
 [0.99999994]
 [0.99999994]
 [0.99999994]
 [0.99999994]
 [0.99999994]
 [0.99999994]
 [0.99999994]
 [0.99999994]
 [0.99999994]
 [0.99999994]
 [0.99999994]
 [0.99999994]
 [0.99999994]
 [0.99999994]
 [0.99999994]
 [0.99999994]
 [0.99999994]
 [0.99999994]
 [0.99999994]
 [0.99999994]
 [0.99999994]
 [0.99999994]
 [0.99999994]
 [0.99999994]
 [0.99999994]
 [0.99999994]
 [0.99999994]
 [0.99999994]
 [0.99999994]
 [0.99999994]
 [0.99999994]
 [0.99999994]
 [0.99999994]
 [0.99999994]
 [0.99999994]
 [0.99999994]
 [0.99999994]
 [0.99999994]
 [0.99999994]
 [0.99999994]
 [0.99999994]
 [0.99999994]
 [0.99999994]
 [0.99999994]
 [0.99999994]
 [0.99999994]
 [0.99999994]
 [0.99999994]
 [0.99999994]
 [0.99999994]
 [0.99999994]
 [0.99999994]
 [0.99999994]
 [0.99999994]
 [0.99999994]
 [0.99999994]
 [0.99999994]
 [0.99999994]
 [0.99999994]
 [0.99999994]
 [0.99999994]
 [0.99999994]
 [0.99999994]
 [0.99999994]
 [1.        ]
 [1.        ]
 [1.        ]]","[[0.99999994]
 [0.99999994]
 [0.99999994]
 [0.99999994]
 [0.99999994]
 [0.99999994]
 [0.99999994]
 [0.99999994]
 [0.99999994]
 [0.99999994]
 [0.99999994]
 [0.99999994]
 [0.99999994]
 [0.99999994]
 [0.99999994]
 [0.99999994]
 [0.99999994]
 [0.99999994]
 [0.99999994]
 [0.99999994]
 [0.99999994]
 [0.99999994]
 [0.99999994]
 [0.99999994]
 [0.99999994]
 [0.99999994]
 [0.99999994]
 [0.99999994]
 [0.99999994]
 [0.99999994]
 [0.99999994]
 [0.99999994]
 [0.99999994]
 [0.99999994]
 [0.99999994]
 [0.99999994]
 [0.99999994]
 [0.99999994]
 [0.99999994]
 [0.99999994]
 [0.99999994]
 [0.99999994]
 [0.99999994]
 [0.99999994]
 [0.99999994]
 [0.99999994]
 [0.99999994]
 [0.99999994]
 [0.99999994]
 [0.99999994]
 [0.99999994]
 [0.99999994]
 [0.99999994]
 [0.99999994]
 [0.99999994]
 [0.99999994]
 [0.99999994]
 [0.99999994]
 [0.99999994]
 [0.99999994]
 [0.99999994]
 [0.99999994]
 [0.99999994]
 [0.99999994]
 [0.99999994]
 [0.99999994]
 [0.99999994]
 [0.99999994]
 [0.99999994]
 [0.99999994]
 [0.99999994]
 [0.99999994]
 [0.99999994]
 [0.99999994]
 [0.99999994]
 [0.99999994]
 [0.99999994]
 [0.99999994]
 [0.99999994]
 [0.99999994]
 [0.99999994]
 [0.99999994]
 [0.99999994]
 [0.99999994]
 [0.99999994]
 [0.99999994]
 [0.99999994]
 [0.99999994]
 [0.99999994]
 [0.99999994]
 [0.99999994]
 [0.99999994]
 [0.99999994]
 [0.99999994]
 [0.99999994]
 [0.99999994]
 [0.99999994]
 [0.99999994]
 [0.99999994]
 [0.99999994]
 [0.99999994]
 [0.99999994]
 [0.99999994]
 [0.99999994]
 [0.99999994]
 [0.99999994]
 [0.99999994]
 [0.99999994]
 [0.99999994]
 [0.99999994]
 [0.99999994]
 [0.99999994]
 [0.99999994]
 [0.99999994]
 [0.99999994]
 [0.99999994]
 [0.99999994]
 [0.99999994]
 [0.99999994]
 [0.99999994]
 [0.99999994]
 [0.99999994]
 [0.99999994]
 [0.99999994]
 [0.99999994]
 [0.99999994]
 [0.99999994]
 [0.99999994]
 [0.99999994]
 [0.99999994]
 [0.99999994]
 [0.99999994]
 [0.99999994]
 [0.99999994]
 [0.99999994]
 [0.99999994]
 [0.99999994]
 [0.99999994]
 [0.99999994]
 [0.99999994]
 [0.99999994]
 [0.99999994]
 [0.99999994]
 [0.99999994]
 [0.99999994]
 [0.99999994]
 [0.99999994]
 [0.99999994]
 [0.99999994]
 [0.99999994]
 [0.99999994]
 [0.99999994]
 [0.99999994]
 [0.99999994]
 [0.99999994]
 [0.99999994]
 [0.99999994]
 [0.99999994]
 [0.99999994]
 [0.99999994]
 [0.99999994]
 [0.99999994]
 [0.99999994]
 [0.99999994]
 [0.99999994]
 [0.99999994]
 [0.99999994]
 [0.99999994]
 [0.99999994]
 [0.99999994]
 [0.99999994]
 [0.99999994]
 [0.99999994]
 [0.99999994]
 [0.99999994]
 [0.99999994]
 [0.99999994]
 [0.99999994]
 [0.99999994]
 [0.99999994]
 [0.99999994]
 [0.99999994]
 [0.99999994]
 [0.99999994]
 [0.99999994]
 [0.99999994]
 [0.99999994]
 [0.99999994]
 [0.99999994]
 [0.99999994]
 [0.99999994]
 [0.99999994]
 [0.99999994]
 [0.99999994]
 [0.99999994]
 [0.99999994]
 [0.99999994]
 [0.99999994]
 [0.99999994]
 [0.99999994]
 [0.99999994]
 [0.99999994]
 [0.99999994]
 [0.99999994]
 [0.99999994]
 [0.99999994]
 [0.99999994]
 [0.99999994]
 [0.99999994]
 [0.99999994]
 [0.99999994]
 [0.99999994]
 [0.99999994]
 [0.99999994]
 [0.99999994]
 [0.99999994]
 [0.99999994]
 [0.99999994]
 [0.99999994]
 [0.99999994]
 [0.99999994]
 [0.99999994]
 [0.99999994]
 [0.99999994]
 [0.99999994]
 [0.99999994]
 [0.99999994]
 [0.99999994]
 [0.99999994]
 [0.99999994]
 [0.99999994]
 [0.99999994]
 [0.99999994]
 [0.99999994]
 [0.99999994]
 [0.99999994]
 [0.99999994]
 [0.99999994]
 [0.99999994]
 [0.99999994]
 [0.99999994]
 [0.99999994]
 [0.99999994]
 [0.99999994]
 [0.99999994]
 [0.99999994]
 [0.99999994]
 [0.99999994]
 [0.99999994]
 [0.99999994]
 [0.99999994]
 [0.99999994]
 [0.99999994]
 [0.99999994]
 [0.99999994]
 [0.99999994]
 [0.99999994]
 [0.99999994]
 [0.99999994]
 [0.99999994]
 [0.99999994]
 [0.99999994]
 [0.99999994]
 [0.99999994]
 [0.99999994]
 [0.99999994]
 [0.99999994]
 [0.99999994]
 [0.99999994]
 [0.99999994]
 [0.99999994]
 [0.99999994]
 [0.99999994]
 [0.99999994]
 [0.99999994]
 [0.99999994]
 [0.99999994]
 [0.99999994]
 [0.99999994]
 [0.99999994]
 [0.99999994]
 [0.99999994]
 [0.99999994]
 [0.99999994]
 [0.99999994]
 [0.99999994]
 [0.99999994]
 [0.99999994]
 [0.99999994]
 [0.99999994]
 [0.99999994]
 [0.99999994]
 [0.99999994]
 [0.99999994]
 [0.99999994]
 [0.99999994]
 [0.99999994]
 [0.99999994]
 [0.99999994]
 [0.99999994]
 [0.99999994]
 [0.99999994]
 [0.99999994]
 [0.99999994]
 [0.99999994]
 [0.99999994]
 [0.99999994]
 [0.99999994]
 [0.99999994]
 [0.99999994]
 [0.99999994]
 [0.99999994]
 [0.99999994]
 [0.99999994]
 [0.99999994]
 [0.99999994]
 [0.99999994]
 [0.99999994]
 [0.99999994]
 [0.99999994]
 [0.99999994]
 [0.99999994]
 [0.99999994]
 [0.99999994]
 [0.99999994]
 [0.99999994]
 [0.99999994]
 [0.99999994]
 [0.99999994]
 [0.99999994]
 [0.99999994]
 [0.99999994]
 [0.99999994]
 [0.99999994]
 [0.99999994]
 [0.99999994]
 [0.99999994]
 [0.99999994]
 [0.99999994]
 [0.99999994]
 [0.99999994]
 [0.99999994]
 [0.99999994]
 [0.99999994]
 [0.99999994]
 [0.99999994]
 [0.99999994]
 [0.99999994]
 [0.99999994]
 [0.99999994]
 [0.99999994]
 [0.99999994]
 [0.99999994]
 [0.99999994]
 [0.99999994]
 [0.99999994]
 [0.99999994]
 [0.99999994]
 [0.99999994]
 [0.99999994]
 [0.99999994]
 [0.99999994]
 [0.99999994]
 [0.99999994]
 [0.99999994]
 [0.99999994]
 [0.99999994]
 [0.99999994]
 [0.99999994]
 [0.99999994]
 [0.99999994]
 [0.99999994]
 [0.99999994]
 [0.99999994]
 [0.99999994]
 [0.99999994]
 [0.99999994]
 [0.99999994]
 [0.99999994]
 [0.99999994]
 [0.99999994]
 [0.99999994]
 [0.99999994]
 [0.99999994]
 [0.99999994]
 [0.99999994]
 [0.99999994]
 [0.99999994]
 [0.99999994]
 [0.99999994]
 [0.99999994]
 [0.99999994]
 [0.99999994]
 [0.99999994]
 [0.99999994]
 [0.99999994]
 [0.99999994]
 [0.99999994]
 [0.99999994]
 [0.99999994]
 [0.99999994]
 [0.99999994]
 [0.99999994]
 [0.99999994]
 [0.99999994]
 [0.99999994]
 [0.99999994]
 [0.99999994]
 [1.        ]
 [1.        ]
 [1.        ]]","[[0.99999994]
 [0.99999994]
 [0.99999994]
 [0.99999994]
 [0.99999994]
 [0.99999994]
 [0.99999994]
 [0.99999994]
 [0.99999994]
 [0.99999994]
 [0.99999994]
 [0.99999994]
 [0.99999994]
 [0.99999994]
 [0.99999994]
 [0.99999994]
 [0.99999994]
 [0.99999994]
 [0.99999994]
 [0.99999994]
 [0.99999994]
 [0.99999994]
 [0.99999994]
 [0.99999994]
 [0.99999994]
 [0.99999994]
 [0.99999994]
 [0.99999994]
 [0.99999994]
 [0.99999994]
 [0.99999994]
 [0.99999994]
 [0.99999994]
 [0.99999994]
 [0.99999994]
 [0.99999994]
 [0.99999994]
 [0.99999994]
 [0.99999994]
 [0.99999994]
 [0.99999994]
 [0.99999994]
 [0.99999994]
 [0.99999994]
 [0.99999994]
 [0.99999994]
 [0.99999994]
 [0.99999994]
 [0.99999994]
 [0.99999994]
 [0.99999994]
 [0.99999994]
 [0.99999994]
 [0.99999994]
 [0.99999994]
 [0.99999994]
 [0.99999994]
 [0.99999994]
 [0.99999994]
 [0.99999994]
 [0.99999994]
 [0.99999994]
 [0.99999994]
 [0.99999994]
 [0.99999994]
 [0.99999994]
 [0.99999994]
 [0.99999994]
 [0.99999994]
 [0.99999994]
 [0.99999994]
 [0.99999994]
 [0.99999994]
 [0.99999994]
 [0.99999994]
 [0.99999994]
 [0.99999994]
 [0.99999994]
 [0.99999994]
 [0.99999994]
 [0.99999994]
 [0.99999994]
 [0.99999994]
 [0.99999994]
 [0.99999994]
 [0.99999994]
 [0.99999994]
 [0.99999994]
 [0.99999994]
 [0.99999994]
 [0.99999994]
 [0.99999994]
 [0.99999994]
 [0.99999994]
 [0.99999994]
 [0.99999994]
 [0.99999994]
 [0.99999994]
 [0.99999994]
 [0.99999994]
 [0.99999994]
 [0.99999994]
 [0.99999994]
 [0.99999994]
 [0.99999994]
 [0.99999994]
 [0.99999994]
 [0.99999994]
 [0.99999994]
 [0.99999994]
 [0.99999994]
 [0.99999994]
 [0.99999994]
 [0.99999994]
 [0.99999994]
 [0.99999994]
 [0.99999994]
 [0.99999994]
 [0.99999994]
 [0.99999994]
 [0.99999994]
 [0.99999994]
 [0.99999994]
 [0.99999994]
 [0.99999994]
 [0.99999994]
 [0.99999994]
 [0.99999994]
 [0.99999994]
 [0.99999994]
 [0.99999994]
 [0.99999994]
 [0.99999994]
 [0.99999994]
 [0.99999994]
 [0.99999994]
 [0.99999994]
 [0.99999994]
 [0.99999994]
 [0.99999994]
 [0.99999994]
 [0.99999994]
 [0.99999994]
 [0.99999994]
 [0.99999994]
 [0.99999994]
 [0.99999994]
 [0.99999994]
 [0.99999994]
 [0.99999994]
 [0.99999994]
 [0.99999994]
 [0.99999994]
 [0.99999994]
 [0.99999994]
 [0.99999994]
 [0.99999994]
 [0.99999994]
 [0.99999994]
 [0.99999994]
 [0.99999994]
 [0.99999994]
 [0.99999994]
 [0.99999994]
 [0.99999994]
 [0.99999994]
 [0.99999994]
 [0.99999994]
 [0.99999994]
 [0.99999994]
 [0.99999994]
 [0.99999994]
 [0.99999994]
 [0.99999994]
 [0.99999994]
 [0.99999994]
 [0.99999994]
 [0.99999994]
 [0.99999994]
 [0.99999994]
 [0.99999994]
 [0.99999994]
 [0.99999994]
 [0.99999994]
 [0.99999994]
 [0.99999994]
 [0.99999994]
 [0.99999994]
 [0.99999994]
 [0.99999994]
 [0.99999994]
 [0.99999994]
 [0.99999994]
 [0.99999994]
 [0.99999994]
 [0.99999994]
 [0.99999994]
 [0.99999994]
 [0.99999994]
 [0.99999994]
 [0.99999994]
 [0.99999994]
 [0.99999994]
 [0.99999994]
 [0.99999994]
 [0.99999994]
 [0.99999994]
 [0.99999994]
 [0.99999994]
 [0.99999994]
 [0.99999994]
 [0.99999994]
 [0.99999994]
 [0.99999994]
 [0.99999994]
 [0.99999994]
 [0.99999994]
 [0.99999994]
 [0.99999994]
 [0.99999994]
 [0.99999994]
 [0.99999994]
 [0.99999994]
 [0.99999994]
 [0.99999994]
 [0.99999994]
 [0.99999994]
 [0.99999994]
 [0.99999994]
 [0.99999994]
 [0.99999994]
 [0.99999994]
 [0.99999994]
 [0.99999994]
 [0.99999994]
 [0.99999994]
 [0.99999994]
 [0.99999994]
 [0.99999994]
 [0.99999994]
 [0.99999994]
 [0.99999994]
 [0.99999994]
 [0.99999994]
 [0.99999994]
 [0.99999994]
 [0.99999994]
 [0.99999994]
 [0.99999994]
 [0.99999994]
 [0.99999994]
 [0.99999994]
 [0.99999994]
 [0.99999994]
 [0.99999994]
 [0.99999994]
 [0.99999994]
 [0.99999994]
 [0.99999994]
 [0.99999994]
 [0.99999994]
 [0.99999994]
 [0.99999994]
 [0.99999994]
 [0.99999994]
 [0.99999994]
 [0.99999994]
 [0.99999994]
 [0.99999994]
 [0.99999994]
 [0.99999994]
 [0.99999994]
 [0.99999994]
 [0.99999994]
 [0.99999994]
 [0.99999994]
 [0.99999994]
 [0.99999994]
 [0.99999994]
 [0.99999994]
 [0.99999994]
 [0.99999994]
 [0.99999994]
 [0.99999994]
 [0.99999994]
 [0.99999994]
 [0.99999994]
 [0.99999994]
 [0.99999994]
 [0.99999994]
 [0.99999994]
 [0.99999994]
 [0.99999994]
 [0.99999994]
 [0.99999994]
 [0.99999994]
 [0.99999994]
 [0.99999994]
 [0.99999994]
 [0.99999994]
 [0.99999994]
 [0.99999994]
 [0.99999994]
 [0.99999994]
 [0.99999994]
 [0.99999994]
 [0.99999994]
 [0.99999994]
 [0.99999994]
 [0.99999994]
 [0.99999994]
 [0.99999994]
 [0.99999994]
 [0.99999994]
 [0.99999994]
 [0.99999994]
 [0.99999994]
 [0.99999994]
 [0.99999994]
 [0.99999994]
 [0.99999994]
 [0.99999994]
 [0.99999994]
 [0.99999994]
 [0.99999994]
 [0.99999994]
 [0.99999994]
 [0.99999994]
 [0.99999994]
 [0.99999994]
 [0.99999994]
 [0.99999994]
 [0.99999994]
 [0.99999994]
 [0.99999994]
 [0.99999994]
 [0.99999994]
 [0.99999994]
 [0.99999994]
 [0.99999994]
 [0.99999994]
 [0.99999994]
 [0.99999994]
 [0.99999994]
 [0.99999994]
 [0.99999994]
 [0.99999994]
 [0.99999994]
 [0.99999994]
 [0.99999994]
 [0.99999994]
 [0.99999994]
 [0.99999994]
 [0.99999994]
 [0.99999994]
 [0.99999994]
 [0.99999994]
 [0.99999994]
 [0.99999994]
 [0.99999994]
 [0.99999994]
 [0.99999994]
 [0.99999994]
 [0.99999994]
 [0.99999994]
 [0.99999994]
 [0.99999994]
 [0.99999994]
 [0.99999994]
 [0.99999994]
 [0.99999994]
 [0.99999994]
 [0.99999994]
 [0.99999994]
 [0.99999994]
 [0.99999994]
 [0.99999994]
 [0.99999994]
 [0.99999994]
 [0.99999994]
 [0.99999994]
 [0.99999994]
 [0.99999994]
 [0.99999994]
 [0.99999994]
 [0.99999994]
 [0.99999994]
 [0.99999994]
 [0.99999994]
 [0.99999994]
 [0.99999994]
 [0.99999994]
 [0.99999994]
 [0.99999994]
 [0.99999994]
 [0.99999994]
 [0.99999994]
 [0.99999994]
 [0.99999994]
 [0.99999994]
 [0.99999994]
 [0.99999994]
 [0.99999994]
 [0.99999994]
 [0.99999994]
 [0.99999994]
 [0.99999994]
 [0.99999994]
 [1.        ]
 [1.        ]
 [1.        ]]","[[0.99999994]
 [0.99999994]
 [0.99999994]
 [0.99999994]
 [0.99999994]
 [0.99999994]
 [0.99999994]
 [0.99999994]
 [0.99999994]
 [0.99999994]
 [0.99999994]
 [0.99999994]
 [0.99999994]
 [0.99999994]
 [0.99999994]
 [0.99999994]
 [0.99999994]
 [0.99999994]
 [0.99999994]
 [0.99999994]
 [0.99999994]
 [0.99999994]
 [0.99999994]
 [0.99999994]
 [0.99999994]
 [0.99999994]
 [0.99999994]
 [0.99999994]
 [0.99999994]
 [0.99999994]
 [0.99999994]
 [0.99999994]
 [0.99999994]
 [0.99999994]
 [0.99999994]
 [0.99999994]
 [0.99999994]
 [0.99999994]
 [0.99999994]
 [0.99999994]
 [0.99999994]
 [0.99999994]
 [0.99999994]
 [0.99999994]
 [0.99999994]
 [0.99999994]
 [0.99999994]
 [0.99999994]
 [0.99999994]
 [0.99999994]
 [0.99999994]
 [0.99999994]
 [0.99999994]
 [0.99999994]
 [0.99999994]
 [0.99999994]
 [0.99999994]
 [0.99999994]
 [0.99999994]
 [0.99999994]
 [0.99999994]
 [0.99999994]
 [0.99999994]
 [0.99999994]
 [0.99999994]
 [0.99999994]
 [0.99999994]
 [0.99999994]
 [0.99999994]
 [0.99999994]
 [0.99999994]
 [0.99999994]
 [0.99999994]
 [0.99999994]
 [0.99999994]
 [0.99999994]
 [0.99999994]
 [0.99999994]
 [0.99999994]
 [0.99999994]
 [0.99999994]
 [0.99999994]
 [0.99999994]
 [0.99999994]
 [0.99999994]
 [0.99999994]
 [0.99999994]
 [0.99999994]
 [0.99999994]
 [0.99999994]
 [0.99999994]
 [0.99999994]
 [0.99999994]
 [0.99999994]
 [0.99999994]
 [0.99999994]
 [0.99999994]
 [0.99999994]
 [0.99999994]
 [0.99999994]
 [0.99999994]
 [0.99999994]
 [0.99999994]
 [0.99999994]
 [0.99999994]
 [0.99999994]
 [0.99999994]
 [0.99999994]
 [0.99999994]
 [0.99999994]
 [0.99999994]
 [0.99999994]
 [0.99999994]
 [0.99999994]
 [0.99999994]
 [0.99999994]
 [0.99999994]
 [0.99999994]
 [0.99999994]
 [0.99999994]
 [0.99999994]
 [0.99999994]
 [0.99999994]
 [0.99999994]
 [0.99999994]
 [0.99999994]
 [0.99999994]
 [0.99999994]
 [0.99999994]
 [0.99999994]
 [0.99999994]
 [0.99999994]
 [0.99999994]
 [0.99999994]
 [0.99999994]
 [0.99999994]
 [0.99999994]
 [0.99999994]
 [0.99999994]
 [0.99999994]
 [0.99999994]
 [0.99999994]
 [0.99999994]
 [0.99999994]
 [0.99999994]
 [0.99999994]
 [0.99999994]
 [0.99999994]
 [0.99999994]
 [0.99999994]
 [0.99999994]
 [0.99999994]
 [0.99999994]
 [0.99999994]
 [0.99999994]
 [0.99999994]
 [0.99999994]
 [0.99999994]
 [0.99999994]
 [0.99999994]
 [0.99999994]
 [0.99999994]
 [0.99999994]
 [0.99999994]
 [0.99999994]
 [0.99999994]
 [0.99999994]
 [0.99999994]
 [0.99999994]
 [0.99999994]
 [0.99999994]
 [0.99999994]
 [0.99999994]
 [0.99999994]
 [0.99999994]
 [0.99999994]
 [0.99999994]
 [0.99999994]
 [0.99999994]
 [0.99999994]
 [0.99999994]
 [0.99999994]
 [0.99999994]
 [0.99999994]
 [0.99999994]
 [0.99999994]
 [0.99999994]
 [0.99999994]
 [0.99999994]
 [0.99999994]
 [0.99999994]
 [0.99999994]
 [0.99999994]
 [0.99999994]
 [0.99999994]
 [0.99999994]
 [0.99999994]
 [0.99999994]
 [0.99999994]
 [0.99999994]
 [0.99999994]
 [0.99999994]
 [0.99999994]
 [0.99999994]
 [0.99999994]
 [0.99999994]
 [0.99999994]
 [0.99999994]
 [0.99999994]
 [0.99999994]
 [0.99999994]
 [0.99999994]
 [0.99999994]
 [0.99999994]
 [0.99999994]
 [0.99999994]
 [0.99999994]
 [0.99999994]
 [0.99999994]
 [0.99999994]
 [0.99999994]
 [0.99999994]
 [0.99999994]
 [0.99999994]
 [0.99999994]
 [0.99999994]
 [0.99999994]
 [0.99999994]
 [0.99999994]
 [0.99999994]
 [0.99999994]
 [0.99999994]
 [0.99999994]
 [0.99999994]
 [0.99999994]
 [0.99999994]
 [0.99999994]
 [0.99999994]
 [0.99999994]
 [0.99999994]
 [0.99999994]
 [0.99999994]
 [0.99999994]
 [0.99999994]
 [0.99999994]
 [0.99999994]
 [0.99999994]
 [0.99999994]
 [0.99999994]
 [0.99999994]
 [0.99999994]
 [0.99999994]
 [0.99999994]
 [0.99999994]
 [0.99999994]
 [0.99999994]
 [0.99999994]
 [0.99999994]
 [0.99999994]
 [0.99999994]
 [0.99999994]
 [0.99999994]
 [0.99999994]
 [0.99999994]
 [0.99999994]
 [0.99999994]
 [0.99999994]
 [0.99999994]
 [0.99999994]
 [0.99999994]
 [0.99999994]
 [0.99999994]
 [0.99999994]
 [0.99999994]
 [0.99999994]
 [0.99999994]
 [0.99999994]
 [0.99999994]
 [0.99999994]
 [0.99999994]
 [0.99999994]
 [0.99999994]
 [0.99999994]
 [0.99999994]
 [0.99999994]
 [0.99999994]
 [0.99999994]
 [0.99999994]
 [0.99999994]
 [0.99999994]
 [0.99999994]
 [0.99999994]
 [0.99999994]
 [0.99999994]
 [0.99999994]
 [0.99999994]
 [0.99999994]
 [0.99999994]
 [0.99999994]
 [0.99999994]
 [0.99999994]
 [0.99999994]
 [0.99999994]
 [0.99999994]
 [0.99999994]
 [0.99999994]
 [0.99999994]
 [0.99999994]
 [0.99999994]
 [0.99999994]
 [0.99999994]
 [0.99999994]
 [0.99999994]
 [0.99999994]
 [0.99999994]
 [0.99999994]
 [0.99999994]
 [0.99999994]
 [0.99999994]
 [0.99999994]
 [0.99999994]
 [0.99999994]
 [0.99999994]
 [0.99999994]
 [0.99999994]
 [0.99999994]
 [0.99999994]
 [0.99999994]
 [0.99999994]
 [0.99999994]
 [0.99999994]
 [0.99999994]
 [0.99999994]
 [0.99999994]
 [0.99999994]
 [0.99999994]
 [0.99999994]
 [0.99999994]
 [0.99999994]
 [0.99999994]
 [0.99999994]
 [0.99999994]
 [0.99999994]
 [0.99999994]
 [0.99999994]
 [0.99999994]
 [0.99999994]
 [0.99999994]
 [0.99999994]
 [0.99999994]
 [0.99999994]
 [0.99999994]
 [0.99999994]
 [0.99999994]
 [0.99999994]
 [0.99999994]
 [0.99999994]
 [0.99999994]
 [0.99999994]
 [0.99999994]
 [0.99999994]
 [0.99999994]
 [0.99999994]
 [0.99999994]
 [0.99999994]
 [0.99999994]
 [0.99999994]
 [0.99999994]
 [0.99999994]
 [0.99999994]
 [0.99999994]
 [0.99999994]
 [0.99999994]
 [0.99999994]
 [0.99999994]
 [0.99999994]
 [0.99999994]
 [0.99999994]
 [0.99999994]
 [0.99999994]
 [0.99999994]
 [0.99999994]
 [0.99999994]
 [0.99999994]
 [0.99999994]
 [0.99999994]
 [0.99999994]
 [0.99999994]
 [0.99999994]
 [0.99999994]
 [0.99999994]
 [0.99999994]
 [0.99999994]
 [0.99999994]
 [0.99999994]
 [0.99999994]
 [0.99999994]
 [0.99999994]
 [0.99999994]
 [0.99999994]
 [0.99999994]
 [0.99999994]
 [0.99999994]
 [0.99999994]
 [0.99999994]
 [0.99999994]
 [0.99999994]
 [0.99999994]
 [1.        ]
 [1.        ]
 [1.        ]]","[[0.99999994]
 [0.99999994]
 [0.99999994]
 [0.99999994]
 [0.99999994]
 [0.99999994]
 [0.99999994]
 [0.99999994]
 [0.99999994]
 [0.99999994]
 [0.99999994]
 [0.99999994]
 [0.99999994]
 [0.99999994]
 [0.99999994]
 [0.99999994]
 [0.99999994]
 [0.99999994]
 [0.99999994]
 [0.99999994]
 [0.99999994]
 [0.99999994]
 [0.99999994]
 [0.99999994]
 [0.99999994]
 [0.99999994]
 [0.99999994]
 [0.99999994]
 [0.99999994]
 [0.99999994]
 [0.99999994]
 [0.99999994]
 [0.99999994]
 [0.99999994]
 [0.99999994]
 [0.99999994]
 [0.99999994]
 [0.99999994]
 [0.99999994]
 [0.99999994]
 [0.99999994]
 [0.99999994]
 [0.99999994]
 [0.99999994]
 [0.99999994]
 [0.99999994]
 [0.99999994]
 [0.99999994]
 [0.99999994]
 [0.99999994]
 [0.99999994]
 [0.99999994]
 [0.99999994]
 [0.99999994]
 [0.99999994]
 [0.99999994]
 [0.99999994]
 [0.99999994]
 [0.99999994]
 [0.99999994]
 [0.99999994]
 [0.99999994]
 [0.99999994]
 [0.99999994]
 [0.99999994]
 [0.99999994]
 [0.99999994]
 [0.99999994]
 [0.99999994]
 [0.99999994]
 [0.99999994]
 [0.99999994]
 [0.99999994]
 [0.99999994]
 [0.99999994]
 [0.99999994]
 [0.99999994]
 [0.99999994]
 [0.99999994]
 [0.99999994]
 [0.99999994]
 [0.99999994]
 [0.99999994]
 [0.99999994]
 [0.99999994]
 [0.99999994]
 [0.99999994]
 [0.99999994]
 [0.99999994]
 [0.99999994]
 [0.99999994]
 [0.99999994]
 [0.99999994]
 [0.99999994]
 [0.99999994]
 [0.99999994]
 [0.99999994]
 [0.99999994]
 [0.99999994]
 [0.99999994]
 [0.99999994]
 [0.99999994]
 [0.99999994]
 [0.99999994]
 [0.99999994]
 [0.99999994]
 [0.99999994]
 [0.99999994]
 [0.99999994]
 [0.99999994]
 [0.99999994]
 [0.99999994]
 [0.99999994]
 [0.99999994]
 [0.99999994]
 [0.99999994]
 [0.99999994]
 [0.99999994]
 [0.99999994]
 [0.99999994]
 [0.99999994]
 [0.99999994]
 [0.99999994]
 [0.99999994]
 [0.99999994]
 [0.99999994]
 [0.99999994]
 [0.99999994]
 [0.99999994]
 [0.99999994]
 [0.99999994]
 [0.99999994]
 [0.99999994]
 [0.99999994]
 [0.99999994]
 [0.99999994]
 [0.99999994]
 [0.99999994]
 [0.99999994]
 [0.99999994]
 [0.99999994]
 [0.99999994]
 [0.99999994]
 [0.99999994]
 [0.99999994]
 [0.99999994]
 [0.99999994]
 [0.99999994]
 [0.99999994]
 [0.99999994]
 [0.99999994]
 [0.99999994]
 [0.99999994]
 [0.99999994]
 [0.99999994]
 [0.99999994]
 [0.99999994]
 [0.99999994]
 [0.99999994]
 [0.99999994]
 [0.99999994]
 [0.99999994]
 [0.99999994]
 [0.99999994]
 [0.99999994]
 [0.99999994]
 [0.99999994]
 [0.99999994]
 [0.99999994]
 [0.99999994]
 [0.99999994]
 [0.99999994]
 [0.99999994]
 [0.99999994]
 [0.99999994]
 [0.99999994]
 [0.99999994]
 [0.99999994]
 [0.99999994]
 [0.99999994]
 [0.99999994]
 [0.99999994]
 [0.99999994]
 [0.99999994]
 [0.99999994]
 [0.99999994]
 [0.99999994]
 [0.99999994]
 [0.99999994]
 [0.99999994]
 [0.99999994]
 [0.99999994]
 [0.99999994]
 [0.99999994]
 [0.99999994]
 [0.99999994]
 [0.99999994]
 [0.99999994]
 [0.99999994]
 [0.99999994]
 [0.99999994]
 [0.99999994]
 [0.99999994]
 [0.99999994]
 [0.99999994]
 [0.99999994]
 [0.99999994]
 [0.99999994]
 [0.99999994]
 [0.99999994]
 [0.99999994]
 [0.99999994]
 [0.99999994]
 [0.99999994]
 [0.99999994]
 [0.99999994]
 [0.99999994]
 [0.99999994]
 [0.99999994]
 [0.99999994]
 [0.99999994]
 [0.99999994]
 [0.99999994]
 [0.99999994]
 [0.99999994]
 [0.99999994]
 [0.99999994]
 [0.99999994]
 [0.99999994]
 [0.99999994]
 [0.99999994]
 [0.99999994]
 [0.99999994]
 [0.99999994]
 [0.99999994]
 [0.99999994]
 [0.99999994]
 [0.99999994]
 [0.99999994]
 [0.99999994]
 [0.99999994]
 [0.99999994]
 [0.99999994]
 [0.99999994]
 [0.99999994]
 [0.99999994]
 [0.99999994]
 [0.99999994]
 [0.99999994]
 [0.99999994]
 [0.99999994]
 [0.99999994]
 [0.99999994]
 [0.99999994]
 [0.99999994]
 [0.99999994]
 [0.99999994]
 [0.99999994]
 [0.99999994]
 [0.99999994]
 [0.99999994]
 [0.99999994]
 [0.99999994]
 [0.99999994]
 [0.99999994]
 [0.99999994]
 [0.99999994]
 [0.99999994]
 [0.99999994]
 [0.99999994]
 [0.99999994]
 [0.99999994]
 [0.99999994]
 [0.99999994]
 [0.99999994]
 [0.99999994]
 [0.99999994]
 [0.99999994]
 [0.99999994]
 [0.99999994]
 [0.99999994]
 [0.99999994]
 [0.99999994]
 [0.99999994]
 [0.99999994]
 [0.99999994]
 [0.99999994]
 [0.99999994]
 [0.99999994]
 [0.99999994]
 [0.99999994]
 [0.99999994]
 [0.99999994]
 [0.99999994]
 [0.99999994]
 [0.99999994]
 [0.99999994]
 [0.99999994]
 [0.99999994]
 [0.99999994]
 [0.99999994]
 [0.99999994]
 [0.99999994]
 [0.99999994]
 [0.99999994]
 [0.99999994]
 [0.99999994]
 [0.99999994]
 [0.99999994]
 [0.99999994]
 [0.99999994]
 [0.99999994]
 [0.99999994]
 [0.99999994]
 [0.99999994]
 [0.99999994]
 [0.99999994]
 [0.99999994]
 [0.99999994]
 [0.99999994]
 [0.99999994]
 [0.99999994]
 [0.99999994]
 [0.99999994]
 [0.99999994]
 [0.99999994]
 [0.99999994]
 [0.99999994]
 [0.99999994]
 [0.99999994]
 [0.99999994]
 [0.99999994]
 [0.99999994]
 [0.99999994]
 [0.99999994]
 [0.99999994]
 [0.99999994]
 [0.99999994]
 [0.99999994]
 [0.99999994]
 [0.99999994]
 [0.99999994]
 [0.99999994]
 [0.99999994]
 [0.99999994]
 [0.99999994]
 [0.99999994]
 [0.99999994]
 [0.99999994]
 [0.99999994]
 [0.99999994]
 [0.99999994]
 [0.99999994]
 [0.99999994]
 [0.99999994]
 [0.99999994]
 [0.99999994]
 [0.99999994]
 [0.99999994]
 [0.99999994]
 [0.99999994]
 [0.99999994]
 [0.99999994]
 [0.99999994]
 [0.99999994]
 [0.99999994]
 [0.99999994]
 [0.99999994]
 [0.99999994]
 [0.99999994]
 [0.99999994]
 [0.99999994]
 [0.99999994]
 [0.99999994]
 [0.99999994]
 [0.99999994]
 [0.99999994]
 [0.99999994]
 [0.99999994]
 [0.99999994]
 [0.99999994]
 [0.99999994]
 [0.99999994]
 [0.99999994]
 [0.99999994]
 [0.99999994]
 [0.99999994]
 [0.99999994]
 [0.99999994]
 [0.99999994]
 [0.99999994]
 [0.99999994]
 [0.99999994]
 [0.99999994]
 [0.99999994]
 [0.99999994]
 [0.99999994]
 [0.99999994]
 [0.99999994]
 [0.99999994]
 [0.99999994]
 [0.99999994]
 [0.99999994]
 [0.99999994]
 [0.99999994]
 [0.99999994]
 [0.99999994]
 [0.99999994]
 [1.        ]
 [1.        ]]","[1 0 0 1 0 1 1 0 0 0 0 0 1 0 1 1 0 0 0 1 1 1 1 1 0 0 0 0 0 0 0 1 0 0 0 1 1
 1 1 1 1 1 1 0 0 1 1 1 1 0 0 1 0 0 1 1 0 0 1 0 1 1 1 1 0 0 0 1 0 1 0 1 0 1
 1 1 0 0 0 1 1 1 0 1 0 1 1 1 0 0 0 0 1 0 0 0 0 0 0 0 1 0 1 1 0 1 1 0 1 0 0
 0 1 0 1 0 0 0 0 1 0 0 1 1 1 1 1 1 1 0 0 0 1 0 1 0 0 1 0 0 1 0 0 1 1 1 1 0
 0 0 1 0 1 0 1 1 1 0 0 0 0 0 0 0 0 1 1 1 1 1 1 0 1 0 1 0 0 0 1 0 1 1 1 0 1
 1 0 0 1 1 0 1 0 0 1 0 0 0 1 0 1 1 0 0 0 0 0 0 0 0 0 1 0 1 0 0 1 0 1 1 0 1
 0 1 1 0 1 0 0 1 1 1 0 0 0 0 0 0 0 1 0 1 1 0 1 0 1 1 0 1 1 1 0 1 0 1 0 1 0
 1 1 0 1 0 0 0 0 0 1 1 1 0 1 1 0 1 1 1 1 0 1 0 0 1 1 0 1 0 1 1 0 0 0 0 1 0
 0 0 0 0 0 0 1 0 1 0 0 0 0 1 1 0 1 0 1 0 0 0 0 0 0 1 1 1 0 0 0 0 0 1 1 0 1
 1 1 0 0 1 0 0 1 0 1 0 0 1 1 0 0 1 0 0 1 0 1 1 0 0 1 0 1 0 0 1 1 1 0 0 1 0
 1 0 1 1 0 1 1 1 0 0 1 1 1 1 0 0 1 0 1 0 1 0 1 0 0 0 1 1 1 0 0 1 0 0 0 1 0
 0 1 1 0]","[1 0 0 1 0 0 1 1 0 0 0 0 1 0 1 1 0 1 1 1 0 1 0 1 0 0 0 1 1 1 0 1 0 1 1 0 0
 0 1 0 1 0 1 0 1 0 0 0 1 1 1 1 1 1 1 0 0 0 0 0 1 1 0 0 1 1 1 0 0 0 0 1 1 1
 0 1 1 0 0 1 1 1 1 0 1 1 0 0 1 1 0 0 0 1 0 1 1 1 1 1 0 0 1 0 1 0 0 1 0 1 0
 0 0 1 1 1 0 1 0 0 1 0 0 0 1 0 1 1 0 0 1 1 0 0 1 1 1 0 0 1 1 1 1 1 1 0 0 0
 0 1 0 0 0 0 1 0 0 0 1 0 1 0 0 1 1 1 0 1 1 1 0 1 0 0 0 1 1 1 1 1 1 0 1 1 0
 0 0 0 0 0 1 0 0 1 0 0 1 1 0 1 1 0 1 0 0 1 0 0 0 0 1 0 0 1 0 0 0 1 1 1 1 1
 1 1 1 1 1 1 0 0 1 1 1 0 1 0 1 1 0 0 0 0 0 0 0 0 0 0 1 0 1 1 0 1 1 1 1 1 0
 0 0 1 1 0 1 0 1 0 1 1 0 0 1 0 0 1 0 0 0 1 0 0 0 1 0 1 0 0 1 0 0 0 1 0 1 0
 0 0 1 0 1 1 1 0 1 0 0 0 0 0 1 1 0 1 1 1 0 0 0 1 1 0 0 1 0 0 0 0 1 1 1 1 1
 1 1 1 0 1 1 0 1 1 0 1 0 1 0 1 0 0 1 0 0 1 1 1 1 0 1 1 0 1 0 0 1 1 0 1 1 1
 0 1 1 1 0 0 0 0 0 1 0 0 0 0 1 1 0 1 0 0 0 0 0 0 0 0 1 1 0 1 1 1 0 0 0 0 0
 0 1 1 1]","[1 1 1 1 1 1 0 0 0 0 1 0 1 1 1 0 1 0 0 0 0 1 1 0 1 0 1 1 0 1 0 0 1 1 0 0 0
 1 0 1 0 1 0 0 0 0 0 1 1 0 0 1 1 1 0 0 1 0 0 1 1 1 0 0 0 0 0 1 1 0 0 0 1 1
 0 0 1 1 0 0 1 0 0 0 1 0 0 0 0 0 0 0 1 0 1 1 0 1 1 1 1 0 0 1 0 0 0 1 1 1 1
 1 1 0 1 0 1 0 0 0 0 0 1 1 0 0 1 1 0 1 0 0 1 0 0 0 0 0 0 0 1 1 0 0 1 0 1 1
 1 1 0 0 1 0 1 1 0 0 1 1 0 1 1 1 0 0 1 1 1 1 0 0 1 1 0 1 0 1 1 0 1 1 1 1 0
 1 1 0 1 0 1 1 1 0 0 0 0 0 0 1 1 1 0 1 1 0 1 1 0 1 1 0 1 1 1 1 0 0 0 0 1 1
 1 0 0 1 0 0 0 0 1 0 1 0 1 1 1 0 0 1 0 0 1 0 1 1 1 0 0 1 1 0 1 0 1 0 1 0 0
 1 1 0 0 0 1 1 1 1 1 0 1 1 0 0 0 0 1 0 1 1 0 1 1 0 1 0 0 1 1 1 0 0 0 0 0 1
 0 1 1 1 1 0 0 1 1 0 1 1 0 1 1 0 0 1 1 1 0 0 0 1 1 0 1 0 1 0 0 0 1 0 0 0 0
 1 0 0 0 0 0 1 1 1 1 0 0 0 1 0 0 0 1 0 0 1 1 1 1 1 1 1 0 1 1 0 0 1 0 0 0 0
 0 0 1 0 1 0 1 0 1 0 1 0 0 0 0 0 0 0 0 1 0 1 0 0 1 1 1 1 0 0 0 1 0 0 0 0 1
 0 0 1 0]","[1 0 0 1 1 1 1 0 1 0 1 0 1 1 0 0 0 0 1 0 0 1 1 1 0 0 1 1 0 0 0 0 0 0 0 1 1
 0 1 0 0 0 0 0 1 0 0 0 0 0 1 1 0 1 0 0 0 1 0 0 1 1 0 1 1 1 1 0 0 0 0 1 0 0
 0 1 1 0 1 0 1 0 1 0 0 0 0 0 0 1 0 0 1 1 0 0 0 1 1 0 0 1 1 0 1 1 0 0 1 0 0
 0 0 1 0 1 1 1 1 1 1 0 1 0 1 1 0 0 0 0 0 0 0 0 0 0 1 1 1 1 0 1 0 0 1 1 0 0
 1 0 1 0 0 0 0 0 0 0 0 0 1 1 1 0 0 1 0 0 0 1 0 0 0 0 1 0 0 0 0 1 0 0 0 0 1
 1 0 1 1 0 1 1 0 0 0 1 1 1 0 0 0 1 0 0 0 0 0 0 1 0 1 1 0 0 0 1 0 1 0 1 0 0
 1 0 1 0 1 1 0 0 0 1 1 1 0 1 1 1 1 0 0 1 0 0 1 0 1 0 0 1 1 0 0 0 0 0 1 1 0
 0 1 1 1 1 1 1 0 0 1 1 0 0 0 1 1 0 0 1 1 1 1 0 1 0 1 1 0 0 1 0 0 0 0 0 1 1
 0 1 0 0 0 1 1 1 1 1 0 0 1 1 1 1 1 0 1 0 1 0 0 0 1 1 1 1 1 0 0 0 0 1 0 0 1
 1 1 0 1 0 1 1 0 1 0 1 1 1 0 0 0 0 0 1 1 0 1 1 0 1 1 0 1 0 1 0 0 1 0 0 0 1
 1 1 1 1 1 1 1 1 0 1 1 1 1 1 0 0 0 1 1 1 0 0 1 1 1 0 0 0 0 0 1 1 0 0 1 0 0
 0 1 1 1]","[0 0 1 1 1 1 0 0 1 0 0 0 1 1 1 1 0 1 0 1 1 1 1 1 0 1 1 0 0 0 0 1 0 0 1 1 1
 1 1 0 1 0 0 0 1 1 0 0 0 0 1 1 1 1 1 1 0 1 1 1 0 0 1 1 0 0 0 1 1 0 0 0 0 0
 1 0 0 1 1 1 1 0 0 1 1 0 1 1 0 1 0 1 0 1 0 0 1 1 1 1 1 1 1 0 0 0 1 1 0 0 0
 0 0 1 0 1 1 1 1 1 0 0 0 0 0 1 0 1 1 1 0 0 1 0 1 1 1 1 1 1 0 0 1 0 0 0 0 1
 0 1 0 0 0 1 0 1 1 1 1 0 0 1 1 1 1 1 1 0 0 1 1 1 1 1 1 1 0 0 1 1 1 0 1 1 1
 1 0 0 1 1 1 0 0 1 0 0 0 1 0 0 0 0 1 1 1 1 0 1 1 0 0 0 0 1 1 0 1 0 0 1 0 0
 1 0 1 1 0 0 0 0 0 1 0 1 1 0 0 1 0 0 0 1 0 1 1 1 0 0 0 0 0 1 0 0 0 0 1 1 1
 1 1 1 0 1 0 1 1 1 0 0 1 0 1 0 0 0 1 0 0 0 0 0 0 1 1 1 1 1 1 0 0 0 1 0 0 0
 0 1 1 1 0 1 0 0 1 1 1 0 1 0 1 1 0 0 0 0 0 1 1 1 1 0 0 1 1 1 1 0 0 0 1 0 0
 0 1 0 1 0 1 0 0 0 0 0 0 0 1 0 0 1 1 1 1 0 0 0 0 0 0 0 0 1 1 0 1 0 1 0 0 1
 1 0 0 1 1 1 1 0 0 0 0 0 0 0 1 0 1 0 1 0 0 0 1 1 1 1 0 1 1 1 0 0 1 1 1 1 0
 1 0 0]",0.502303465278953,0.005090068443581014
